,source,author,title,description,url,urlToImage,publishedAt,content
0,"{'id': None, 'name': 'Evening Standard'}",Elly Blake,London politics latest LIVE: Boris Johnson says he takes ‘full responsibility’ as Sue Gray report published - Evening Standard,The 59-page document includes details of 16 boozy events across Whitehall and in Downing Street in breach of Covid laws,https://www.standard.co.uk/news/politics/london-politics-latest-live-sue-gray-partygate-report-watch-pmqs-boris-johnson-b1002176.html,https://static.standard.co.uk/2022/05/25/11/FTmO-erWQAALo9a.jpg?width=1200&width=1200&auto=webp&quality=75,2022-05-25T12:37:51Z,"Sir Beer Korma failing to hold himself to same high standards he demanded of me, says PM
Sir Keir Starmer is failing to hold himself to the same high standards that he demanded of me, the Prime Mini… [+1078 chars]"
1,"{'id': None, 'name': 'Rappler'}",,Will EDSA still be celebrated under Marcos? No answer from spox - Rappler,"Senator Imee Marcos says EDSA made their lives tough, 'we're very grateful for a second chance'",https://www.rappler.com/nation/spokesperson-vic-rodriguez-no-answer-will-edsa-be-celebrated-under-marcos-jr/,https://www.rappler.com/tachyon/2022/05/ferdinand-marcos-proclamation.jpg,2022-05-25T12:26:53Z,"MANILA, Philippines – Will Filipinos still commemorate the EDSA People Power Revolution next year now that President-elect Ferdinand “Bongbong” Marcos Jr. is ruling the Philippines?
“I don’t see any… [+3738 chars]"
2,"{'id': None, 'name': 'EWN'}",Kevin Brandt,No monkeypox cases detected in South Africa: NICD - EWN,NICD experts have given an update on the infectious disease since two cases were confirmed by WHO in the United Kingdom on 13 May.,https://ewn.co.za/2022/05/25/no-monkeypox-cases-detected-in-south-africa-nicd,"http://cdn.primedia.co.za/primedia-broadcasting/image/upload/c_fill,h_437,w_700/rc1bjz5klydt9xncjfsi",2022-05-25T12:10:08Z,"NICD experts have given an update on the infectious disease since two cases were confirmed by WHO in the United Kingdom on 13 May.
 CAPE TOWN - The National Institute for Communicable Diseases (NICD… [+1102 chars]"
3,"{'id': None, 'name': 'Fox Sports'}",Mark St John,‘Looks like guilt money from the club’: Warriors whacked over Lodge’s $700k handshake - Fox Sports,‘Looks like guilt money from the club’: Warriors whacked over Lodge’s $700k handshake,https://www.foxsports.com.au/nrl/nrl-premiership/nrl-2022-matt-lodge-release-warriors-cameron-george-salary-cap-transfers-new-zealand/news-story/639134dc28723a115d8bf6346109bbe9,https://content.api.news/v3/images/bin/59cc2ad4fa2b4948a0cda38226f9d7d2,2022-05-25T12:10:00Z,"The Warriors have come under fire for their decision to pay Matt Lodge out in full to the tune of $700,000, which will remain on their cap for the next 18 months while he plays elsewhere. 
Lodge was… [+7762 chars]"
4,"{'id': None, 'name': 'News-Medical.Net'}",,NTU scientists discover why NAFLD patients are at higher risk of cardiovascular disease - News-Medical.Net,"Patients with non-alcoholic fatty liver disease (NAFLD) are at higher risk of cardiovascular disease, because NAFLD prompts the over-production of a class of proteins that cause inflammation and damage to their blood vessels.",https://www.news-medical.net/news/20220525/NTU-scientists-discover-why-NAFLD-patients-are-at-higher-risk-of-cardiovascular-disease.aspx,https://d2jx2rerrg6sh3.cloudfront.net/image-handler/picture/2017/1/Digital_illustration_of_liver_in_colour_background-Liya_Graphics_0fff2ea2f60c4e71b4991068b748916f-620x480.jpg,2022-05-25T12:09:00Z,"Patients with non-alcoholic fatty liver disease (NAFLD) are at higher risk of cardiovascular disease, because NAFLD prompts the over-production of a class of proteins that cause inflammation and dama… [+6867 chars]"
5,"{'id': None, 'name': 'TheJournal.ie'}",Press Association,Johnson apologises after Sue Gray report hits out at 'behaviour at the heart of Government' - TheJournal.ie,Opposition leader Keir Starmer called for Johnson to resign after the highly critical report was released.,https://www.thejournal.ie/downing-street-sue-gray-report-5773487-May2022/,https://img2.thejournal.ie/article/5773487/river/?height=400&version=5773489,2022-05-25T12:01:00Z,"Updated 51 minutes ago
A SENIOR CIVIL servants report into Downing Street parties during the UKs Covid-19 lockdown has said that what happened fell well short of the standards expected of Government… [+7091 chars]"
6,"{'id': 'bbc-news', 'name': 'BBC News'}",https://www.facebook.com/bbcnews,Leiland-James Corkill case: Laura Castle jailed for baby murder - BBC,"A judge says Laura Castle was ""selfish"" and it was a tragedy the adoption was not ended.",https://www.bbc.co.uk/news/uk-england-cumbria-61566996,https://ichef.bbci.co.uk/news/1024/branded_news/760D/production/_124412203_1_leiland-corkhill.jpg,2022-05-25T11:59:16Z,"Image source, Cumbria Police
Image caption, Laura Castle had admitted manslaughter but said she did not mean to kill Leiland-James Corkill
A woman who murdered a baby boy she wanted to adopt has be… [+7270 chars]"
7,"{'id': None, 'name': 'YouTube'}",,JWill reacts to Luka Doncic coming through for the Mavericks in Game 4 vs. the Warriors | KJM - ESPN,JWill reacts to Luka Doncic coming through for the Mavericks in Game 4 vs. the Warriors | KJMThe KJM crew reacts to the Golden State Warriors' 119-109 loss a...,https://www.youtube.com/watch?v=vdsjFpfcroQ,https://i.ytimg.com/vi/vdsjFpfcroQ/maxresdefault.jpg,2022-05-25T11:52:10Z,
8,"{'id': None, 'name': 'India Today'}",,How’s the prasad Mr Sibal: BJP's Jitin Prasada takes dig at Kapil Sibal over old tweet - India Today,Jitin Prasada took a dig at Kapil Sibal over an old tweet that criticised Prasada for dumping Congress and switching over to the BJP.,https://www.indiatoday.in/india/story/jitin-prasada-hows-the-prasad-kapil-sibal-old-tweet-congress-1954006-2022-05-25,https://akm-img-a-in.tosshub.com/indiatoday/images/story/202205/pjimage_-_2022-05-25T170936.42-647x363.jpeg?KFJDlWqDoWJ.jpCHQq4Q0nCClULdukDk,2022-05-25T11:42:09Z,
9,"{'id': None, 'name': 'Inquirer.net'}",Daniza Fernandez,"Palace congratulates Bongbong Marcos, Sara Duterte for victory in May 2022 polls - INQUIRER.net","MANILA, Philippines — The Palace sent its congratulations to president-elect Ferdinand “Bongbong” Marcos Jr. and vice president-elect Sara Duterte-Carpio on Wednesday for winning the May",https://www.inquirer.net,https://newsinfo.inquirer.net/files/2019/02/19ANDANAR-e1550515864414-620x424.jpg,2022-05-25T11:39:00Z,"FILE PHOTO: Acting presidential spokesperson Martin Andanar. INQUIRER FILES
MANILA, Philippines The Palace sent its congratulations to president-elect Ferdinand Bongbong Marcos Jr. and vice presiden… [+2027 chars]"
10,"{'id': None, 'name': 'BBC News'}",https://www.facebook.com/bbcnews,Texas shooting: 19 children among dead in primary school attack - BBC,"Nineteen children are shot dead by a teenage gunman, who is himself killed by law enforcement.",https://www.bbc.com/news/world-us-canada-61573377,https://ichef.bbci.co.uk/news/1024/branded_news/150E0/production/_124904268_texas.jpg,2022-05-25T11:33:25Z,"By Angelica Casas &amp; Max MatzaBBC News, Uvalde
Image caption, Relatives of children at the school gathered at a nearby civic centre to wait for news
Nineteen young children and two adults have d… [+7814 chars]"
11,"{'id': None, 'name': 'The Guardian'}",Guardian staff reporter,"Antetokounmpo, Jokic and Doncic head historically young All-NBA team - The Guardian","Devin Booker and Jayson Tatum were also voted to the All-NBA first team on Tuesday, the first time in 67 years all five players were age 27 or younger",https://amp.theguardian.com/sport/2022/may/25/antetokounmpo-jokic-and-doncic-head-historically-young-all-nba-team,,2022-05-25T11:32:00Z,"NBA<ul><li>All players in team are 27 or younger for for first time in 67 years</li><li>Devin Booker and Jayson Tatum complete team line-up</li></ul>
Wed 25 May 2022 07.32 EDT
Giannis Antetokounmpo… [+2104 chars]"
12,"{'id': None, 'name': 'The Guardian'}",Julia Kollewe,Pfizer to offer all its drugs not-for-profit to 45 lower-income countries - The Guardian,Company launches ‘healthier world’ accord in Davos and speaks to other pharma firms about similar steps,https://amp.theguardian.com/business/2022/may/25/pfizer-to-offer-low-cost-medicines-to-45-lower-income-countries,,2022-05-25T11:30:00Z,"Davos 2022Company launches healthier world accord in Davos and speaks to other pharma firms about similar steps
Wed 25 May 2022 11.44 BST
Pfizer has announced it is to supply all its current and fu… [+5198 chars]"
13,"{'id': None, 'name': 'TheJournal.ie'}",Céimin Burke,Passport Express renamed Post Passport ‘to better reflect slower turnaround time’ - TheJournal.ie,A Fine Gael TD who campaigned for months to have the name changed says it will “alleviate confusion”.,https://www.thejournal.ie/passport-express-post-passport-renamed-5773642-May2022/,https://img2.thejournal.ie/article/5773642/river/?height=400&version=5773716,2022-05-25T11:26:00Z,"PASSPORT EXPRESS HAS been renamed as Post Passport because its the slowest method of applying for the travel document.
An Post rebranded the service in a move sanctioned by the Department of Foreign… [+2672 chars]"
14,"{'id': 'abc-news-au', 'name': 'ABC News (AU)'}",ABC News,Scathing report blames Boris Johnson for British government parties during COVID-19 lockdown - ABC News,A long-awaited report into secret parties held at 10 Downing Street while Britain was locked down during its first COVID-19 wave blames the government's senior leadership team.,https://www.abc.net.au/news/2022-05-25/boris-johnson-blamed-covid-lockdown-parties-sue-gray-report/101100204,https://live-production.wcms.abc-cdn.net.au/243246317887d149b77ac62cbaf180b9?impolicy=wcms_crop_resize&cropH=1080&cropW=1920&xPos=0&yPos=0&width=862&height=485,2022-05-25T11:25:20Z,"A report into lockdown-breaching UK government parties says blame for a ""culture"" of rule breaking in Prime Minister Boris Johnson's office must rest with those at the top.
<ul><li>The report invest… [+3722 chars]"
15,"{'id': None, 'name': 'Healthday.com'}",Ernie Mundell,Effectiveness of Antiviral Drugs Against Monkeypox Uncertain: Study - HealthDay News,"WEDNESDAY, May 25, 2022 (HealthDay News) -- Up until recently monkeypox infection outside of Africa was rare, but a look back at seven cases occurring in Britain over the past few years gives hints at what drugs work to fight the disease -- and which don’t.Th…",https://consumer.healthday.com/b-5-25-effectiveness-of-antivirals-against-monkeypox-uncertain-study-2657380452.html,https://consumer.healthday.com/media-library/eyJhbGciOiJIUzI1NiIsInR5cCI6IkpXVCJ9.eyJpbWFnZSI6Imh0dHBzOi8vYXNzZXRzLnJibC5tcy8yOTgzMjU1Ny9vcmlnaW4uanBnIiwiZXhwaXJlc19hdCI6MTY2NDQxNDI3OH0.adrN8LIAgTxBYNJ7kJWJz5zzR0TT081ECSRFSIQE7nU/image.jpg?width=1200&coordinates=0%2C1284%2C0%2C1284&height=600,2022-05-25T11:23:32Z,"WEDNESDAY, May 25, 2022 (HealthDay News) -- Up until recently monkeypox infection outside of Africa was rare, but a look back at seven cases occurring in Britain over the past few years gives hints a… [+5449 chars]"
16,"{'id': None, 'name': 'Premium Times'}",Premium Times,"Nigerian activist, six others win Goldman environmental prize - Premium Times",The Goldman Prize is awarded annually to environmental heroes from each of the world’s six inhabited continental regions.,https://www.premiumtimesng.com/news/top-news/532316-nigerian-activist-six-others-win-goldman-environmental-prize.html,https://media.premiumtimesng.com/wp-content/files/2022/05/Mr-Williams-is-the-third-Nigerian-to-win-the-Goldman-Environmental-Prize.jpeg,2022-05-25T11:22:43Z,"The Executive Director of Environmental Rights Action/Friends of the Earth Nigeria (ERA/FoEN), Chima Williams, has been named among the seven winners of this years prestigious Goldman Environmental P… [+3683 chars]"
17,"{'id': 'the-irish-times', 'name': 'The Irish Times'}","Conor Lally, Tim O'Brien, Conor Gallagher","Dublin Airport: One man arrested, another hospitalised after fight at terminal - The Irish Times",Minister for Justice says incident is ‘absolutely not acceptable. People were queuing to go on their holidays’,https://www.irishtimes.com/crime-law/2022/05/25/dublin-airport-one-man-arrested-another-hospitalised-after-fight-at-terminal/,https://irishtimes-irishtimes-prod.cdn.arcpublishing.com/resizer/unnWj0cjUPcK3zMHEG9gHuUviPM=/1200x630/filters:format(jpg):quality(70)/cloudfront-eu-central-1.images.arcpublishing.com/irishtimes/B4BQ3GS4NBU2IDO3HRSDURSWUE.jpg,2022-05-25T11:21:56Z,Gardai and Dublin Airport police were called to the scene of fight between a number of men at the airport on Tuesday evening. One man was arrested and another was hospitalised after sustaining injuri… [+2544 chars]
18,"{'id': None, 'name': 'Hindustan Times'}",HT Tech,Instagram Down Reactions: Users flood Twitter with hard-hitting memes - HT Tech,Instagram down reactions: Hilarious reactions on Twitter put things in perspective for Instagram and what users think about such fiascos.,https://tech.hindustantimes.com/tech/news/instagram-down-reactions-users-flood-twitter-with-hard-hitting-memes-71653476208708.html,https://images.hindustantimes.com/tech/img/2022/05/25/1600x900/gabrielle-henderson-bmUa09zy2ZQ-unsplash_1618039228638_1653476276432.jpg,2022-05-25T11:11:45Z,"Instagram down reactions: In the morning of May 25, popular social media platform Instagram faced nationwide outage that lasted as much as 3 hours. Many users faced difficulties logging in to the pla… [+2013 chars]"
19,"{'id': 'cnn', 'name': 'CNN'}","Daniel Dale and Andrew Kaczynski, CNN",Fact check: Herschel Walker falsely claims he never falsely claimed he graduated from University of Georgia - CNN,"Herschel Walker, the former football star who is now the Republican nominee for a US Senate seat in Georgia, is piling dishonesty upon dishonesty on the subject of his college education.",https://www.cnn.com/2022/05/25/politics/fact-check-walker-university-of-georgia-graduated/index.html,https://cdn.cnn.com/cnnnext/dam/assets/220520170216-01-herschel-walker-file-051822-super-tease.jpg,2022-05-25T11:08:00Z,"(CNN)Herschel Walker, the former football star who is now the Republican nominee for a US Senate seat in Georgia, is piling dishonesty upon dishonesty on the subject of his college education.
In Dec… [+5406 chars]"
20,"{'id': None, 'name': 'Livemint'}",Livemint,"Monkeypox: Pandemic Scenario Cannot Be Ruled Out…, Expert Explains How The Virus Can Become Dangerous | Mint - Mint","Unless the virus has evolved significantly, both in its transmissibility and in its modes of transmission, this virus is known to be not very transmissible.",https://www.livemint.com/news/world/monkeypox-pandemic-scenario-cannot-be-ruled-out-expert-explains-how-the-virus-can-become-dangerous-11653473159926.html,https://images.livemint.com/img/2022/05/25/600x338/monekypox_1653282146685_1653476773150.jpg,2022-05-25T11:07:37Z,"Despite the rise in the number of cases, it is still too early to talk about a monkeypox epidemic, an expert pointed out. Unless the virus has evolved significantly, both in its transmissibility and … [+2519 chars]"
21,"{'id': None, 'name': 'The Indian Express'}",New York Times,"More than 1 in 5 adult Covid survivors in US may develop long Covid, CDC study suggests - The Indian Express",Long Covid is the term used to describe an array of symptoms that can last for months or longer after the initial coronavirus infection.,https://indianexpress.com/article/lifestyle/health/more-than-1-in-5-adult-covid-survivors-in-us-may-develop-long-covid-cdc-study-suggests-7935844/,https://images.indianexpress.com/2022/05/VIRUS-VACATION-RETURN-6-3.jpeg,2022-05-25T11:05:40Z,"One in 5 adult Covid survivors under age 65 in the United States has experienced at least one health condition that could be considered long Covid, according to a large new study by the Centres for D… [+2010 chars]"
22,"{'id': None, 'name': 'Dovepress.com'}",Dove Press,Hypogyrification in generalized anxiety disorder | NSS - Dove Medical Press,Exploring whether the aberrant cortical morphology was associated with insomnia in generalized anxiety disorder,https://www.dovepress.com/hypogyrification-in-generalized-anxiety-disorder-and-associated-with-i-peer-reviewed-fulltext-article-NSS,https://www.dovepress.com/assets/img/addon/og_logo.png,2022-05-25T11:04:48Z,"Introduction
Generalized anxiety disorder (GAD) is a common mental disorder characterized by repeated and excessive worries about future unpredictable events.1 The life prevalence of GAD is estimate… [+36225 chars]"
23,"{'id': 'financial-post', 'name': 'Financial Post'}","Natalie  Grover, Reuters","What vaccines, treatments do we have to combat monkeypox? - Financial Post",LONDON — With cases of monkeypox inexplicably on the rise outside of Africa – where the viral disease is endemic – public health officials are using contact…,https://financialpost.com/pmn/business-pmn/what-vaccines-treatments-do-we-have-to-combat-monkeypox,,2022-05-25T11:03:07Z,"Author of the article:
Article content
LONDON With cases of monkeypox inexplicably on the rise outside of Africa where the viral disease is endemic public health officials are using contact tracing… [+6073 chars]"
24,"{'id': None, 'name': 'The Indian Express'}",Tech Desk,NASA’s InSight Mars lander takes one last selfie - The Indian Express,"NASA's InSight team expects the lander to become inoperative by December; concluding a mission that has detected more than 1,300 marsquakes and located the most quake-prone regions of the Red Planet.",https://indianexpress.com/article/technology/science/nasa-insight-mars-rover-last-selfie-mission-end-7935887/,https://images.indianexpress.com/2022/05/InSight-rover-last-selfie-NASA.jpg,2022-05-25T11:00:42Z,NASAs InSight Mars lander took what the space agency says will be its last selfie on April 24 this year. The lander can be seen covered in a lot of dust. The InSight team expects the lander to become… [+2095 chars]
25,"{'id': None, 'name': 'The42'}",Daire Walsh,'We had it out with each other' - Tough Munster conversations following Leinster defeat - The42,Johann van Graan’s charges delivered a below-par performance against a fringe Leinster team last weekend.,https://www.the42.ie/chris-farrell-munster-3-5773254-May2022/,https://img2.thejournal.ie/article/5773254/river/?height=400&version=5773264,2022-05-25T11:00:00Z,CHRIS FARRELL ADMITTED yesterday there have been some tough conversations within the Munster squad in the wake of their disappointing United Rugby Championship defeat to a fringe Leinster team at the… [+4529 chars]
26,"{'id': 'wired', 'name': 'Wired'}",Ramin Skibba,Researchers Made Ultracold Quantum Bubbles on the Space Station - WIRED,NASA’s Cold Atom Laboratory runs super-low-temperature experiments in near-zero gravity that would be impossible to accomplish on Earth.,https://www.wired.com/story/researchers-made-ultracold-quantum-bubbles-on-the-space-station/,"https://media.wired.com/photos/628d7932616e0f74943c26c4/191:100/w_1280,c_limit/cal-cygnus-scaled-science.jpg",2022-05-25T11:00:00Z,"In March 2018, researchers launched what looks like a white, cooler-sized fridge to the International Space Station. That heavy box houses a $100 million facility known as the Cold Atom Laboratory, w… [+3141 chars]"
27,"{'id': None, 'name': 'TheJournal.ie'}",Press Association,Unionists seethe at 'meddling Americans' as Richie Neal and Co. visit Derry - TheJournal.ie,Democrat Richard Neal angered unionists with comments yesterday.,https://www.thejournal.ie/us-politicians-visit-northern-ireland-protocol-5773535-May2022/,https://img2.thejournal.ie/article/5773535/river/?height=400&version=5773705,2022-05-25T10:56:00Z,"Updated 1 hour ago
THE DELEGATION OF US politicians on a fact-finding mission to Ireland are in Derry today after a day in Dublin yesterday that angered the DUP. 
The delegation led by senior US De… [+4234 chars]"
28,"{'id': None, 'name': 'Zoom'}",TN Education Desk,"Rajasthan, RBSE 5th 8th Result 2022 aaj nahin hoga jaari, what BSER Ajmer officials have said - Times Now","Rajasthan Board, RBSE 8th Result 2022 date has been shared. Rajsthan Board Ajmer officials have now shared update on RBSE 5th 8th Result 2022 date and shared tentative date for results. RBSE Results would be released on rajeduboard.rajasthan.gov.in and rajres…",https://www.timesnownews.com/education/rajasthan-rbse-5th-8th-result-2022-aaj-nahin-hoga-jaari-what-bser-ajmer-officials-have-said-article-91788179,"https://static.tnn.in/thumb/msid-91788179,imgsize-100,width-1280,height-720,resizemode-75/91788179.jpg",2022-05-25T10:49:49Z,"04:26
US' Mass Shooting: A Father Recounts Horror, Biden, Obama, Clinton, Hit Out At Gun Lobby"
29,"{'id': None, 'name': 'ZDNet'}",Liam Tung,NASA's InSight Mars lander has taken its final selfie. Here it is - ZDNet,"After the selfie, Insight's robotic arm will move to a ""retirement pose"".",https://www.zdnet.com/article/nasas-insight-mars-lander-has-taken-its-final-selfie-here-it-is/,https://www.zdnet.com/a/img/resize/1438abcadd83954b37732d563b9085755a055b06/2022/05/25/7380cf1f-ef14-4647-b9fb-5d76c85f970d/pia25287.gif?width=770&height=578&fit=crop&auto=webp,2022-05-25T10:46:39Z,"InSight's Final Selfie.
Image: NASA/JPL-Caltech
NASA's InSight Mars lander has sent back its last selfie of its dust-covered solar panels and deck, in an image taken on its 1,211th 'sol' or Martian… [+3760 chars]"
30,"{'id': 'the-times-of-india', 'name': 'The Times of India'}",Reuters,"Pakistan: Police fire teargas, baton-charge supporters of ousted PM Khan - Times of India",Pakistan News: Pakistani police fired teargas and baton-charged supporters of ousted Prime Minister Imran Khan on Wednesday to block them from reaching the capital I,https://timesofindia.indiatimes.com/world/pakistan/pakistan-police-fire-teargas-baton-charge-supporters-of-ousted-pm-khan/articleshow/91788878.cms,"https://static.toiimg.com/thumb/msid-91788883,width-1070,height-580,imgsize-1013432,resizemode-75,overlay-toi_sw,pt-32,y_pad-40/photo.jpg",2022-05-25T10:45:00Z,
31,"{'id': None, 'name': 'News-Medical.Net'}",,The effectiveness of molnupiravir and nirmatrelvir/ritonavir in reducing hospitalization and deaths in non-hospitalized COVID-19 patients - News-Medical.Net,"Researchers assessed the effectiveness of two orally administered antiviral medications, nirmatrelvir/ritonavir, and molnupiravir, in decreasing hospitalization and deaths among real-world non-hospitalized COVID-19 patients in Hong Kong.",https://www.news-medical.net/news/20220525/The-effectiveness-of-molnupiravir-and-nirmatrelvirritonavir-in-reducing-hospitalization-and-deaths-in-non-hospitalized-COVID-19-patients.aspx,https://d2jx2rerrg6sh3.cloudfront.net/images/news/ImageForNews_714797_1653474876874751.jpg,2022-05-25T10:38:00Z,"In a recent study posted to Preprints with The Lancet*, researchers assessed the effectiveness of two orally administered antiviral medications, nirmatrelvir/ritonavir, and molnupiravir, in decreasin… [+6113 chars]"
32,"{'id': None, 'name': 'NDTV News'}",,"Death Penalty Demand For Kashmiri Separatist Yasin Malik, Verdict Shortly - NDTV","The court had earlier said that Malik had set up an elaborate structure and mechanism across the world to raise funds for carrying out terrorist and other unlawful activities in Jammu and Kashmir in the name of the ""freedom struggle"".",https://www.ndtv.com/india-news/probe-agency-demands-death-penalty-for-kashmiri-separatist-yasin-malik-verdict-out-soon-3007428,https://c.ndtvimg.com/2022-05/esq2dero_yasin-malik_625x300_25_May_22.jpg,2022-05-25T10:35:00Z,"The defence has asked for life imprisonment instead of the death penalty.
New Delhi: The National Investigation Agency has demanded the death penalty for convicted Kashmiri separatist leader Yasin M… [+3035 chars]"
33,"{'id': None, 'name': 'Malaysiakini'}",Malaysiakini Team,Floods: Danger lurks in Taman Sri Muda as several Klang Valley areas inundated - Malaysiakini,UPDATED 7.11PM | Water level at Sg Klang has risen after continuous downpour.,https://www.malaysiakini.com/news/622442,https://i.ncdn.xyz/publisher-c1a3f893382d2b2f8a9aa22a654d9c97/2021/12/17668e66521e12be4219ca7c6bd3ac6e.jpg,2022-05-25T10:34:15Z,"The water level at Sungai Klang in Taman Sri Muda, Shah Alam has risen above the flood danger level as of 5pm today, while several areas in the Klang Valley are already inundated with flash floods, a… [+275 chars]"
34,"{'id': None, 'name': 'The Times'}",Didi Tang,UN confronts China over dossier on Uighur plight in Xinjiang - The Times,The UN’s most senior human rights representative has been urged to investigate claims that China operated a shoot-to-kill policy for Uighur Muslim prisoners,https://www.thetimes.co.uk/article/un-confronts-china-over-dossier-on-uighur-plight-in-xinjiang-dv0mz9s8j,https://www.thetimes.co.uk/imageserver/image/%2Fmethode%2Ftimes%2Fprod%2Fweb%2Fbin%2F22a853b4-db90-11ec-8de3-573a6521e09e.jpg?crop=1500%2C844%2C0%2C78&resize=1200,2022-05-25T10:30:00Z,The UNs most senior human rights representative has been urged to investigate claims that China operated a shoot-to-kill policy for Uighur Muslim prisoners who tried to escape from its brutal re-educ… [+592 chars]
35,"{'id': None, 'name': 'Daily Mail'}",Danyal Hussain,Katie Price is told she faces jail after admitting to breaching restraining order - Daily Mail,"Mother-of-five Price, 44, was arrested on January 21 on suspicion of breaking her restraining order against Michelle Penticost with a foul-mouthed text to her ex.",https://www.dailymail.co.uk/news/article-10853025/Katie-Price-told-faces-jail-admitting-breaching-restraining-order.html,https://i.dailymail.co.uk/1s/2022/05/25/10/58261601-0-image-a-13_1653471445568.jpg,2022-05-25T10:29:13Z,"Katie Price has been warned she faces jail after she pleaded guilty to breaching a restraining order by calling ex-husband Kieran Hayler's fiancee a 'gutter s**g'.
Mother-of-five Price, 44, was arre… [+15282 chars]"
36,"{'id': None, 'name': 'Malaysiakini'}",Alyaa Alhadjri,Rape trial: Woman denies consenting to sex with Gombak Setia rep's aide - Malaysiakini,Complainant disagrees with suggestions she enticed the accused into a bedroom.,https://www.malaysiakini.com/news/622440,https://icf.newscdn.net/publisher-c1a3f893382d2b2f8a9aa22a654d9c97/2022/01/2fe423b7a13aa542efefe0b5d780329c.jpg,2022-05-25T10:23:50Z,"A complainant in a rape trial has denied suggestions that she consented to sexual intercourse with the accused, Mohd Zulfahimin Mahdzir, identified as an aide of Gombak Setia assemblyperson Hilman Id… [+267 chars]"
37,"{'id': None, 'name': 'BNNBloomberg.ca'}",Noah Zivitz,"​Scotia hikes dividend, smashes Q2 profit estimates - BNN",Scotiabank opened earnings season for Canada's Big Six on Wednesday with a beat and a dividend hike as profit climbed in all its major divisions other than capital markets.,http://www.bnnbloomberg.ca/scotia-hikes-dividend-smashes-q2-profit-estimates-1.1770358,http://www.bnnbloomberg.ca/polopoly_fs/1.1657982!/fileimage/httpImage/image.jpg_gen/derivatives/landscape_620/scotiabank.jpg,2022-05-25T10:23:06Z,"Bank of Nova Scotia opened earnings season for Canada's Big Six on Wednesday with a beat and a dividend hike as profit climbed in all its major divisions other than capital markets.
Scotia said its … [+2325 chars]"
38,"{'id': None, 'name': 'The Indian Express'}",Tech Desk,NASA announces early plan to send astronauts to Mars; Solicits feedback - The Indian Express,"NASAis calling on industry, academia, international communities and other stakeholders to provide input on its early plan for a mission to Mars.",https://indianexpress.com/article/technology/science/nasa-announces-early-plan-to-send-astronauts-to-mars-solicits-feedback-7935625/,https://images.indianexpress.com/2022/05/NASA-Mars-mission-plan-released-featured-May-2022.jpg,2022-05-25T10:23:05Z,NASA has shared its early plans to send astronauts to Mars for 30 days. The space agency had released a draft set of high-level objectives earlier this year. These identify 50 points falling under fo… [+1843 chars]
39,"{'id': None, 'name': 'Telegraph.co.uk'}",,Putin pockets $1.9bn wheat windfall after cutting off Ukraine - live updates - The Telegraph,"The departing boss of Marks &amp; Spencer has told shoppers that the supermarket is now finally cheaper than its biggest rival Waitrose, writes Laura Onita.",https://www.telegraph.co.uk/business/2022/05/25/ftse-100-markets-live-news-energy-price-cap-uk-windfall-wheat/,https://www.telegraph.co.uk/content/dam/business/2022/05/25/TELEMMGLPICT000018352360_trans_NvBQzQNjv4BqqVzuuqpFlyLIwiB6NTmJwZQzf7gtsdDmx4MxV_9eOpU.jpeg?impolicy=logo-overlay,2022-05-25T10:22:06Z,"Good morning.
While the rest of the world grapples with a deepening food crisis, Russia has been quietly cashing in.
Putin's invasion of Ukraine has driven global wheat prices up 50pc this year to … [+2140 chars]"
40,"{'id': None, 'name': 'Saharareporters.com'}",editing,"811 PDP Delegates To Decide Atiku, Wike, Obi, Others' Fates At Presidential Primary - SaharaReporters.com","The 811 delegates of the party consist of one national delegate elected from each of the 774 local government areas and one special delegate per state and the Federal Capital Territory (FCT) from among persons living with disabilities, Daily Trust reports.",https://saharareporters.com/2022/05/25/811-pdp-delegates-decide-atiku-wike-obi-others%E2%80%99-fates-presidential-primary,,2022-05-25T10:22:05Z,"Barring any last-minute change, it is now certain that 811 delegates will decide the fate of the Peoples Democratic Party (PDP) presidential aspirants at its national convention slated for May 28 and… [+1665 chars]"
41,"{'id': None, 'name': 'CBS Sports'}",Jack Maloney,"Mavericks-Warriors takeaways: Luka Doncic, Dallas make it rain in Game 4, hold off Golden State to stay alive - CBS Sports",Dallas staved off elimination and forced Game 5 of the Western Conference finals,https://www.cbssports.com/nba/news/mavericks-warriors-takeaways-luka-doncic-dallas-make-it-rain-in-game-4-hold-off-golden-state-to-stay-alive/live/,https://sportshub.cbsistatic.com/i/r/2022/05/25/d6ef3fb4-6591-453f-bb45-eba5d2eb38ff/thumbnail/1200x675/ee15cce64f415a6a956e7ed05836d310/luka-usatsi-3.png,2022-05-25T10:17:16Z,"The Dallas Mavericks aren't going home just yet. Facing elimination at home in Game 4, they responded to get their first win of the Western Conference finals, beating the Golden State Warriors 119-10… [+4713 chars]"
42,"{'id': None, 'name': 'SciTechDaily'}",,Scientists Develop a New Family of ‘2D’ Materials With Promising Applications - SciTechDaily,"Researchers say the material has promising applications, such as advanced electronics and high-capacity batteries. Tulane University's School of Science and Engineering has created a new family of two-dimensional materials with promising applications, includi…",https://scitechdaily.com/?p=173514,https://scitechdaily.com/images/Abstract-Nanocrystal-Lattice-Concept.gif,2022-05-25T10:15:28Z,"Researchers say the material has promising applications, such as advanced electronics and high-capacity batteries.
Tulane Universitys School of Science and Engineering has created a new family of tw… [+3113 chars]"
43,"{'id': None, 'name': 'Moneycontrol'}",Rakesh Patil,"Closing Bell: Nifty ends below 16,100, Sensex falls 303 pts; IT, realty, capital goods drag - Moneycontrol","Except bank, all other sectoral indices ended in the red with oil &amp; gas, metal, pharma, realty, capital goods and IT index down 1-3 percent.",https://www.moneycontrol.com/news/business/markets/share-market-live-updates-stock-market-today-may-25-latest-news-bse-nse-sensex-nifty-covid-coronavirus-bpcl-coal-india-nhpc-fortis-healthcare-interglobe-aviation-bata-india-grasim-minda-industries-8570411.html,https://images.moneycontrol.com/static-mcnews/2022/05/market1-3-770x433.jpg,2022-05-25T10:12:31Z,"May 25, 2022 / 03:34 PM IST
Market Close: Benchmark indices ended lower for the third consecutive day on May 25 with Nifty below 16,100.
At close, the Sensex was down 303.35 points or 0.56% at 53,7… [+535 chars]"
44,"{'id': None, 'name': 'CNA'}",,"Bumpy ride ahead for Singapore's economy, inflation to stay elevated: Economists - CNA","SINGAPORE: Dark clouds are gathering on the horizon for Singapore’s economy as the ongoing Russia-Ukraine conflict and strict COVID-19 lockdowns in China exacerbate supply chain snarls and fuel further price increases.

“The road ahead remains bumpy,” said …",https://www.channelnewsasia.com/business/bumpy-ride-ahead-singapore-economy-inflation-remain-high-economists-2706221,"https://onecms-res.cloudinary.com/image/upload/s--t5ou4GDI--/f_auto,q_auto/c_fill,g_auto,h_676,w_1200/v1/mediacorp/cna/image/2021/10/25/000_9pz9vr.jpg?itok=Kf9Xz0il",2022-05-25T10:09:32Z,"But it may not be all doom and gloom.
Barclays economist Brian Tan described MTIs forecast for growth to be at the lower half of its projected range as being very conservative. 
For now, he is hold… [+1604 chars]"
45,"{'id': None, 'name': 'TheJournal.ie'}",Céimin Burke,Rights group ‘strongly opposed’ to gardaí being granted facial-recognition technology - TheJournal.ie,"Civil liberties groups say it enables “mass surveillance”, the Minister for Justice disagrees.",https://www.thejournal.ie/facial-recognition-technology-gardai-opposed-iccl-5773615-May2022/,https://img2.thejournal.ie/article/5773615/river/?height=400&version=5773630,2022-05-25T10:09:00Z,"CIVIL LIBERTIES CAMPAIGNERS say they are strongly opposed to gardaí being granted the use of facial-recognition technology, saying it poses an extreme risk to peoples rights.
Justice minister Helen … [+2754 chars]"
46,"{'id': None, 'name': 'Guardian Nigeria'}",,Infinix Launches All-New Show Stopping NOTE 12 Series With Ultra-Fast Charging - Guardian Nigeria,"Infinix has rolled out its all-new NOTE 12 Series that includes high-performance variants with the thinnest 120W Hyper Charge design, a sleek 6.7” FHD+ Super Light AMOLED display with 120Hz refresh rate, 108MP Cinematic Triple Camera and more. The series incl…",https://editor.guardian.ng/features/infinix-launches-all-new-show-stopping-note-12-series-with-ultra-fast-charging/,https://guardian.ng/wp-content/uploads/2022/05/Infinix-1.jpg,2022-05-25T10:08:00Z,"Infinix has rolled out its all-new NOTE 12 Series that includes high-performance variants with the thinnest 120W Hyper Charge design, a sleek 6.7 FHD+ Super Light AMOLED display with 120Hz refresh ra… [+7920 chars]"
47,"{'id': None, 'name': 'Toronto Star'}",,Quebec health officials confirm 10 more cases of monkeypox for a total of 15 - Niagara Falls Review,"MONTREAL - Quebec health officials are reporting 10 more cases of monkeypox, for a total of 15 confirmed cases across the province.",https://www.thestar.com/news/canada/2022/05/24/quebec-health-officials-confirm-10-more-cases-of-monkeypox-for-a-total-of-15.html,https://images.thestar.com/QjhCIRCktzu7NPz4uopZ6YKjQ2Q=/1280x1024/smart/filters:cb(1653429322706):format(webp)/https://www.thestar.com/content/dam/thestar/news/canada/2022/05/24/quebec-health-officials-confirm-10-more-cases-of-monkeypox-for-a-total-of-15/2022052417058-628d498ba1b7cc452423f159jpeg.jpg,2022-05-25T10:07:30Z,"MONTREAL - Quebec health officials are reporting 10 more cases of monkeypox, for a total of 15 confirmed cases across the province.
Last week, the province reported the first cases of the virus in C… [+1236 chars]"
48,"{'id': None, 'name': 'Malaysianow.com'}",Staff Writers,Govt urged to take proactive steps at transport hubs against monkeypox threat - MalaysiaNow,Gerakan says the healthcare system and economy are still struggling to recover from the effects of the Covid-19 pandemic.,https://www.malaysianow.com/news/2022/05/25/govt-urged-to-take-proactive-steps-at-transport-hubs-against-monkeypox-threat/,https://media.malaysianow.com/wp-content/uploads/2022/05/25180606/PSX_20220401_133312-1.jpg,2022-05-25T10:06:51Z,"Gerakan today urged the government to take proactive measures against the possibility of a monkeypox outbreak in the country, saying Malaysia cannot afford to close its borders to international trave… [+1412 chars]"
49,"{'id': 'financial-post', 'name': 'Financial Post'}","Steve Gorman, Reuters",Boeing Starliner capsule nears completion of pivotal test flight to orbit - Financial Post,"The new Boeing Starliner capsule was due to descend back to Earth on Wednesday from its first uncrewed journey to the International Space Station (ISS),…",https://financialpost.com/pmn/business-pmn/boeing-starliner-capsule-nears-completion-of-pivotal-test-flight-to-orbit,,2022-05-25T10:03:23Z,"Author of the article:
Article content
The new Boeing Starliner capsule was due to descend back to Earth on Wednesday from its first uncrewed journey to the International Space Station (ISS), compl… [+4647 chars]"
50,"{'id': 'the-times-of-india', 'name': 'The Times of India'}",TIMESOFINDIA.COM,"Redmi Note 11T Pro, Note 11T Pro+ smartphones with 64MP camera, fast chagrin support launched - Times of India",Xiaomi has added two new smartphones to its Redmi Note 11 series. The company has launched Redmi Note 11T Pro and Redmi Note 11T Pro+ at an event in C,https://timesofindia.indiatimes.com/gadgets-news/redmi-note-11t-pro-note-11t-pro-smartphones-with-64mp-camera-fast-chagrin-support-launched/articleshow/91787851.cms,"https://static.toiimg.com/thumb/msid-91787807,width-1070,height-580,imgsize-25558,resizemode-75,overlay-toi_sw,pt-32,y_pad-40/photo.jpg",2022-05-25T10:01:00Z,
51,"{'id': None, 'name': 'Global Citizen'}",,"Get the Playlist: 9 Musicians Who Are Making Africa Proud, According to Global Citizens - Global Citizen","We're celebrating Africa Day by saluting some of the continent's incredible musicians like Burna Boy, WizKid, Black Coffee, and more. Come listen with us!",https://www.globalcitizen.org/en/content/africa-day-playlist-musicians-making-africa-proud/,https://media.globalcitizen.org/thumbnails/6f/cb/6fcbd64f-c9c3-422c-badf-b3bb54694855/africa_day_2022_playlist_crop.jpg__1500x670_q85_ALIAS-hero_image_crop_subsampling-2.jpg,2022-05-25T09:58:05Z,"There is no place like Africa. She is a fierce continent who has shared so much beauty, talent, and creation with the world. She awakens all the human senses: her diverse cultures and natural wonders… [+7814 chars]"
52,"{'id': None, 'name': 'CNBC'}",Holly Ellyatt,"Ukraine conflict 'sending shock waves around the world,' EU warns; Soros says civilization may not survive war - CNBC","Ukraine President Volodymyr Zelenskyy has said the situation in the Donbas region is ""very difficult"" while George Soros issued a stark warning about the war.",https://www.cnbc.com/2022/05/25/russia-ukraine-live-updates-.html,https://image.cnbcfm.com/api/v1/image/107048202-1650355501729-gettyimages-1239118399-AA_12032022_646356.jpeg?v=1650355569&w=1920&h=1080,2022-05-25T09:49:00Z,"A Russian official has reportedly said Moscow is ready to provide a humanitarian corridor for ships carrying food to leave Ukraine, in return for the lifting of some sanctions.
""We are always ready … [+1358 chars]"
53,"{'id': 'the-irish-times', 'name': 'The Irish Times'}",Laura Kennedy,Period Face: the dermatologist's advice on 'the big spot' - The Irish Times,"Resist the urge to pick, and use these products instead",https://www.irishtimes.com/life-style/fashion/2022/05/25/period-face-the-dermatologists-advice-on-the-big-spot/,https://irishtimes-irishtimes-prod.cdn.arcpublishing.com/resizer/_hFafukAtqJqIxSoPN8koW5NPoc=/1200x630/filters:format(jpg):quality(70)/cloudfront-eu-central-1.images.arcpublishing.com/irishtimes/6IXT7VPGK5HVJAMKRTEI26GOIY.jpg,2022-05-25T09:45:08Z,"You know the drill. You wake up feeling more tired than usual and strangely anxious. You head to the bathroom mirror, and there it is on your chin Mount Spotsuvius. A huge red or darkened mound. Hot,… [+3160 chars]"
54,"{'id': None, 'name': 'Www.geo.tv'}",Web Desk,Amber Heard branded crazy and jealous by new Johnny Depp witness - Geo News,"Johnny Depp was under severe pressure during marriage with Amber Heard, says witness",https://www.geo.tv/latest/418891-amber-heard-branded-crazy-and-jealous-by-new-johnny-depp-witness,https://www.geo.tv/assets/uploads/updates/2022-05-25/418891_025049_updates.jpg,2022-05-25T09:45:00Z,"Johnny Depp latest witness, Morgan Highby Night, thinks Amber Heard is crazy.
The filmmaker and motel owner gave his testimony in Fairfax, Virginia, on Tuesday and admitted that he wrote the tweet f… [+1026 chars]"
55,"{'id': None, 'name': 'Daijiworld.com'}",,Mangaluru: Kerala astrologer says ritual shows presence of goddess in Malali mosque structure - Daijiworld.com,"Daijiworld Media Network – Mangaluru (SS)
Mangaluru, May 25: Even as the Dakshina Kannada deputy commissioner has ordered to maintain the status quo of the Malali Juma Masjid structure in Mangaluru till further orders, a well-known Kerala based astrologer Da…",https://daijiworld.com/news/newsDisplay?newsID=961932,https://daijiworld.ap-south-1.linodeobjects.com/Linode/images3/allwyn_250522_astr1.jpg,2022-05-25T09:39:28Z,"Daijiworld Media Network Mangaluru (SS)
Mangaluru, May 25: Even as the Dakshina Kannada deputy commissioner has ordered to maintain the status quo of the Malali Juma Masjid structure in Mangaluru ti… [+1204 chars]"
56,"{'id': None, 'name': 'Firstpost'}",FP Staff,"Explained: Why Christian Bale will steal the show with his character Gorr the God Butcher in Thor: Love And Thunder - Opinion News , Firstpost - Firstpost","Chris Hemsworth and Christian Bale starrer Thor: Love And Thunder also stars Natalie Portman, Russell Crowe, Tessa Thompson, Chris Pratt, Jaimie Alexander, Pom Klementieff, Dave Bautista, Karen Gillan, Sean Gunn, Jeff Goldblum, and Vin Diesel in prominent rol…",https://www.firstpost.com/opinion/explained-why-christian-bale-will-steal-the-show-with-his-character-gorr-the-god-butcher-in-thor-love-and-thunder-10717141.html,https://images.firstpost.com/wp-content/uploads/2022/05/pjimage-2022-05-25T143312.232.jpg,2022-05-25T09:38:43Z,"Chris Hemsworth and Christian Bale starrer Thor: Love And Thunder also stars Natalie Portman, Russell Crowe, Tessa Thompson, Chris Pratt, Jaimie Alexander, Pom Klementieff, Dave Bautista, Karen Gilla… [+2459 chars]"
57,"{'id': 'abc-news-au', 'name': 'ABC News (AU)'}",ABC News,British government approves sanctioned Russian Roman Abramovich's sale of Chelsea football club - ABC News,"Roman Abramovich's 19-year ownership of Chelsea is ending, with the British government approving the sanctioned Russian oligarch's sale of the Premier League club.",https://www.abc.net.au/news/2022-05-25/premier-league-chelsea-sale-approved-by-uk-government/101100138,https://live-production.wcms.abc-cdn.net.au/90341b445ad4ddb1ba485e3fb34b9e3f?impolicy=wcms_crop_resize&cropH=1443&cropW=2565&xPos=0&yPos=45&width=862&height=485,2022-05-25T09:36:20Z,"Roman Abramovich's 19-year ownership of Chelsea is ending, with the British government approving the sanctioned Russian oligarch's sale of the Premier League club to a consortium fronted by Los Angel… [+2673 chars]"
58,"{'id': None, 'name': 'Toronto Star'}",,"Gunman kills 19 children, 2 adults in Texas school rampage - Toronto Star","UVALDE, Texas (AP) — An 18-year-old gunman killed 19 children and two adults as he went from classroom to classroom at a Texas elementary school, offi...",https://www.thestar.com/news/world/us/2022/05/25/gunman-kills-19-children-in-texas-school-rampage.html,https://images.thestar.com/XqdVPuUMorUxZwdwUKezFBamMKQ=/1280x1024/smart/filters:cb(1653475397195):format(webp)/https://www.thestar.com/content/dam/thestar/news/world/us/2022/05/25/gunman-kills-19-children-2-adults-in-texas-school-rampage/20220524170516-628d4b5b7a3f734fa8bf43d0jpeg.jpg,2022-05-25T09:33:45Z,"UVALDE, Texas (AP) An 18-year-old gunman killed 19 children and two adults as he went from classroom to classroom at a Texas elementary school, officials said, adding to a gruesome, yearslong series … [+8380 chars]"
59,"{'id': None, 'name': 'Malay Mail'}",Malay Mail,"Two senior Grab executives quit as company rejigs unit to stem losses, say sources - Malay Mail","SINGAPORE, May 25 —Two top executives at Grab Holdings’ fintech business have quit, adding to other senior departures in recent months, as the Southeast Asian ride-hailing and...",https://www.malaymail.com/news/money/2022/05/25/two-senior-grab-executives-quit-as-company-rejigs-unit-to-stem-losses-say-sources/8747,https://www.malaymail.com/malaymail/uploads/images/2022/05/25/18132.jpg,2022-05-25T09:32:19Z,"SINGAPORE, May 25 Two top executives at Grab Holdings fintech business have quit, adding to other senior departures in recent months, as the Southeast Asian ride-hailing and delivery firm rejigs the … [+3253 chars]"
60,"{'id': None, 'name': 'Cgtn.com'}",,Live: World-class astronomy base under construction in NW China – Ep. 17 - CGTN,"A world-class astronomical observatory is under construction in Lenghu, northwest China's Qinghai Province, with an average elevation of 3,800 meters.",https://news.cgtn.com/news/2022-05-25/Live-World-class-astronomy-base-under-construction-in-NW-China-1ajFtlXus2Q/index.html,https://news.cgtn.com/news/2022-05-25/Live-World-class-astronomy-base-under-construction-in-NW-China-1ajFtlXus2Q/img/68702c988d864296ae4ebf941caafaaa/68702c988d864296ae4ebf941caafaaa-1280.jpeg,2022-05-25T09:30:59Z,"A world-class astronomical observatory is under construction in the town of Lenghu, northwest China's Qinghai Province. It has an average elevation of 3,800 meters. The site was chosen for the platea… [+207 chars]"
61,"{'id': None, 'name': 'Daily Mail'}",Nathan Salt,"Q&A: Todd Boehly's Chelsea takeover is almost complete, so what happens next? - Daily Mail",On Tuesday night the Premier League confirmed they had given the green light for the LA Dodgers stakeholder to ratify his takeover from the sanctioned Roman Abramovich.,https://www.dailymail.co.uk/sport/sportsnews/article-10852385/Q-Todd-Boehlys-Chelsea-takeover-complete-happens-next.html,https://i.dailymail.co.uk/1s/2022/05/25/09/58260159-0-image-a-13_1653468728317.jpg,2022-05-25T09:29:41Z,"Todd Boehly's consortium has finally received approval from both the UK Government and the Premier League to purchase Chelsea, suggesting the end is finally nearing for the ongoing saga of the sale o… [+20843 chars]"
62,"{'id': None, 'name': 'BreakingNews.ie'}",Press Association,Deadliest US school shooting in almost a decade prompts calls for tighter gun controls - BreakingNews.ie,The gunman was identified as 18-year-old Salvador Ramos,https://www.breakingnews.ie/world/texas-school-shooting-death-toll-rises-to-19-children-1310340.html,https://img.resized.co/breaking-news/eyJkYXRhIjoie1widXJsXCI6XCJodHRwczpcXFwvXFxcL2ltYWdlcy5icmVha2luZ25ld3MuaWVcXFwvcHJvZFxcXC91cGxvYWRzXFxcLzIwMjJcXFwvMDVcXFwvMjUwMzQ1MThcXFwvMi42NzA5ODEwMy1lMTY1MzQ0ODc1NzUxMS5qcGdcIixcIndpZHRoXCI6MTIwMCxcImhlaWdodFwiOjYyNyxcImRlZmF1bHRcIjpcImh0dHBzOlxcXC9cXFwvd3d3LmJyZWFraW5nbmV3cy5pZVxcXC9pbWFnZXNcXFwvbm8taW1hZ2UucG5nXCIsXCJvcHRpb25zXCI6W119IiwiaGFzaCI6Ijc5MjIzNzI3ZDA3MGI3MTYxYjE4N2U5Mjg1OWUzMGFmYzZhY2M1ODcifQ==/deadliest-us-school-shooting-in-almost-a-decade-prompts-calls-for-tighter-gun-controls.jpg,2022-05-25T09:29:05Z,"Updated: 10.15am
A gunman murdered 19 children and two teachers in the deadliest US school shooting in nearly a decade, prompting US president Joe Biden to urge Americans to confront the country's g… [+4250 chars]"
63,"{'id': 'news-com-au', 'name': 'News.com.au'}",Wenlei Ma,The show that Netflix needs right now - news.com.au,<p>Stranger Things needs to be big. Netflix needs it to be big.</p>,https://www.news.com.au/entertainment/tv/streaming/stranger-things-4-is-exactly-what-netflix-needs-right-now/news-story/33621efb1d1596e0b69d33a6409f8af1,https://content.api.news/v3/images/bin/9558160a887ec6d5797542356e70c4a6,2022-05-25T09:26:42Z,"One of Netflixs most popular shows is coming back and its exactly what the streamer needs to counter its bad run.Stranger Things needs to be big. Netflix needs it to be big.
The under-siege streamer… [+4509 chars]"
64,"{'id': None, 'name': 'The Straits Times'}",Hermes Auto,Two senior Grab executives quit as company rejigs unit to stem losses - The Straits Times,"The company has seen other senior departures in recent months. 
. Read more at straitstimes.com.",https://www.straitstimes.com/business/companies-markets/two-senior-grab-executives-quit-as-company-rejigs-unit-to-stem-losses,https://static1.straitstimes.com.sg/s3fs-public/styles/large30x20/public/articles/2022/05/25/ads-grab-25052022.jpg?VersionId=8gn2GmsN9YKG25eDcrC.Ksh_4D7Qjz8B,2022-05-25T09:25:38Z,"SINGAPORE (REUTERS) - Two top executives at Grab Holdings' fintech business have quit, adding to other senior departures in recent months, as the South-east Asian ride-hailing and delivery firm rejig… [+2470 chars]"
65,"{'id': None, 'name': 'TweakTown'}",Anthony Garreffa,LG UltraGear 32GQ950 gaming monitor: 31.5-inch 4K up to 160Hz with OC - TweakTown,"LG UltraGear's new 32GQ950 gaming monitor: 31.5-inch Nano IPS panel with 4K at up to 160Hz (OC) with 1ms GtG, G-SYNC and FreeSync.",https://www.tweaktown.com/news/86432/lg-ultragear-32gq950-gaming-monitor-31-5-inch-4k-up-to-160hz-with-oc/index.html,https://static.tweaktown.com/news/8/6/86432_04_lg-ultragear-32gq950-gaming-monitor-31-5-inch-4k-up-to-160hz-with-oc_full.jpg,2022-05-25T09:22:03Z,"LG UltraGear just unveiled its first-ever OLED gaming monitor, but there was also the introduction of the UltraGear 32GQ950.
The new LG UltraGear 32GQ950 gaming monitor has a 31.5-inch Nano IPS pane… [+1542 chars]"
66,"{'id': None, 'name': 'The Guardian'}",Guardian staff reporter,"China is pursuing a Pacific-wide pact with 10 island nations on security, policing and data – report - The Guardian",Federated States of Micronesia wants deal rejected because it could spark new cold war between China and west while Australia admits ‘we’ve got a lot of work to do’,https://amp.theguardian.com/world/2022/may/25/china-is-pursuing-a-pacific-wide-pact-with-10-island-nations-on-security-policing-and-data-report,https://i.guim.co.uk/img/media/db5dc580022eb277af6fef6b05f7c47cdcd529fd/666_645_2347_1408/master/2347.jpg?width=1200&height=630&quality=85&auto=format&fit=crop&overlay-align=bottom%2Cleft&overlay-width=100p&overlay-base64=L2ltZy9zdGF0aWMvb3ZlcmxheXMvdGctZGVmYXVsdC5wbmc&enable=upscale&s=bf86c669b5cd42f895eb11bd12e0d945,2022-05-25T09:22:00Z,"China will pursue a Pacific-wide deal with almost a dozen island nations covering policing, security and data communications cooperation when the foreign minister, Wang Yi, hosts a meeting in Fiji ne… [+4585 chars]"
67,"{'id': None, 'name': 'Premium Times'}",Agency Report,"Osinbajo visits Sultan, APC stakeholders, harps on Nigeria's unity - Premium Times","""The country must stay united because our unity is the basis of our success and prosperity. If we are not united, our country will be wasted.”",https://www.premiumtimesng.com/news/top-news/532297-osinbajo-visits-sultan-apc-stakeholders-harps-on-nigerias-unity.html,https://media.premiumtimesng.com/wp-content/files/2022/04/275679832_515221349960878_3758723893870243005_n.jpg,2022-05-25T09:20:17Z,"Nigeria’s Vice President and an All Progressives Congress (APC) presidential aspirant in the 2023 election, Yemi Osinbajo, has called for understanding and tolerance among Nigerians.
Mr Osinbajo sta… [+1968 chars]"
68,"{'id': None, 'name': 'Mb.com.ph'}",,VP-elect Sara Duterte visits Panay Island to thank supporters - Manila Bulletin,The Nation's Leading Newspaper,https://mb.com.ph/2022/05/25/vp-elect-sara-duterte-visits-panay-island-to-thank-supporters/,https://mb.com.ph/wp-content/uploads/2022/05/84671.jpeg,2022-05-25T09:15:00Z,"ILOILO CITY Davao City Mayor Sara Duterte-Carpio visited Panay Island Wednesday morning to thank supporters before her proclamation as the vice president-elect in the afternoon.
A very pleasant surp… [+866 chars]"
69,"{'id': None, 'name': 'The Guardian'}",Vikram Dodd,‘Guilty as charged’: senior UK officer calls on police chiefs to admit institutional racism - The Guardian,Met’s Neil Basu says positive discrimination should be introduced to boost minority ethnic numbers in ranks,https://amp.theguardian.com/uk-news/2022/may/25/neil-basu-uk-officer-calls-on-police-chiefs-admit-institutional-racism,https://i.guim.co.uk/img/media/e3b74760f75e932b605f73e6e9de896b6acb982b/0_232_3500_2101/master/3500.jpg?width=1200&height=630&quality=85&auto=format&fit=crop&overlay-align=bottom%2Cleft&overlay-width=100p&overlay-base64=L2ltZy9zdGF0aWMvb3ZlcmxheXMvdGctZGVmYXVsdC5wbmc&enable=upscale&s=933e342356c8a45c61db2c8743f9e1f4,2022-05-25T09:14:00Z,"One of Britains most senior officers has called on chiefs to admit that institutional racism blights policing, declaring we are guilty as charged, and blaming failures on the leadership of law enforc… [+4279 chars]"
70,"{'id': 'the-washington-post', 'name': 'The Washington Post'}","Moriah Balingit, Beth Reinhard, María Luisa Paúl, Holly Bailey, Karina Elwood","What we know about the victims of the school shooting in Uvalde, Texas - The Washington Post",,https://www.washingtonpost.com/nation/2022/05/25/uvalde-texas-school-shooting-victims/,https://www.washingtonpost.com/wp-apps/imrs.php?src=https://arc-anglerfish-washpost-prod-washpost.s3.amazonaws.com/public/YERTDGG32II6ZPBVVEOQVFESHM.jpg&w=1440,2022-05-25T09:14:00Z,"Return to menuThe Lopez household was teeming with childrens laughter and music and its source, more often than not, was 10-year-old Xavier cracking a joke or dancing cumbia.
But the giggles and gro… [+1622 chars]"
71,"{'id': None, 'name': 'The Punch'}",Raphael Ede,BREAKING: Ekweremadu withdraws from Enugu governorship race - Punch Newspapers,"Former Deputy President of the Senate, Ike Ekweremadu, has withdrawn from the Enugu State governorship race.",https://punchng.com/breaking-ekweremadu-withdraws-from-enugu-governorship-race/,https://cdn.punchng.com/wp-content/uploads/2018/08/07060706/Ekweremadu2.jpg,2022-05-25T09:12:35Z,"Former Deputy President of the Senate, Ike Ekweremadu, has withdrawn from the Enugu State governorship race.
Ekweremadu said he would not participate in today’s governorship primary election of the … [+1919 chars]"
72,"{'id': None, 'name': 'Birmingham Live'}","Harry Leach, Jordan Reynolds","Live updates: Hodge Hill road closed due to 'large police presence', buses diverted - Birmingham Live",Eyewitnesses reported seeing forensics at the scene,https://www.birminghammail.co.uk/news/midlands-news/live-updates-hodge-hill-road-24053482,https://i2-prod.birminghammail.co.uk/incoming/article24054100.ece/ALTERNATES/s1200/0_JRR_BEM_25-5-22_bromford101jpeg.jpg,2022-05-25T09:11:48Z,"Part of a road in Hodge Hill was closed today following a shooting. Buses were diverted after cops closed part of Bromford Drive.
Two eyewitnesses reported a large police presence on the road last n… [+334 chars]"
73,"{'id': None, 'name': 'The Guardian'}",Emine Saner,Therapy v medication? How to choose the best treatment for anxiety - The Guardian,"Medication is often prescribed as a quick-fix but therapy can be more helpful in the long-run, if accessible. Here’s how to work out what is best for you",https://amp.theguardian.com/lifeandstyle/2022/may/25/therapy-v-medication-how-to-choose-the-best-treatment-for-anxiety,,2022-05-25T09:07:00Z,"How to manage anxietyMedication is often prescribed as a quick-fix but therapy can be more helpful in the long-run, if accessible. Heres how to work out what is best for you
Since the beginning of t… [+8695 chars]"
74,"{'id': None, 'name': 'Rappler'}",,Warriors coach Kerr calls for gun control after Texas school shooting - Rappler,"'I'm so tired of getting up here and offering condolences to the devastated families that are out there,' says Warriors head coach Steve Kerr, an advocate of tighter gun laws",https://www.rappler.com/sports/nba/steve-kerr-calls-gun-control-texas-school-shooting-may-2022/,https://www.rappler.com/tachyon/2022/05/steve-kerr-may-25-2022.jpg,2022-05-25T09:06:36Z,"Golden State Warriors coach Steve Kerr refused to talk about basketball at a pre-game news conference on Tuesday, May 24 (Wednesday, May 25, Manila time), and instead called for stricter gun control … [+1928 chars]"
75,"{'id': None, 'name': 'THISDAY Newspapers'}",,Panelists at UBA Africa Day Event Celebrate Continent's Success Stories - THISDAY Newspapers,"The United Bank for Africa (UBA) Plc, celebrated this year’s Africa Day in commemoration of African unity with the fourth edition of its annual UBA Africa Conversations which was held at the Tony E…",https://www.thisdaylive.com/index.php/2022/05/25/panelists-at-uba-africa-day-event-celebrate-continents-success-stories/,https://storage.googleapis.com/thisday-846548948316-wp-data/wp-media/cade70cf-uba.png,2022-05-25T09:05:28Z,"The United Bank for Africa (UBA) Plc, celebrated this years Africa Day in commemoration of African unity with the fourth edition of its annual UBA Africa Conversations which was held at the Tony Elum… [+4402 chars]"
76,"{'id': None, 'name': 'The Guardian'}",https://www.theguardian.com/profile/danielharris,French Open 2022: Emma Raducanu v Aliaksandra Sasnovich on day four – live! - The Guardian,"Join Daniel Harris for updates from day four at Roland Garros, with two British hopefuls in action",https://www.theguardian.com/sport/live/2022/may/25/french-open-2022-emma-raducanu-norrie-djokovic-nadal-alcaraz-day-four-tennis,https://i.guim.co.uk/img/media/d13e5c2eb47ab123cd6c5ada36cb213aae96d4a8/0_177_4648_2790/master/4648.jpg?width=1200&height=630&quality=85&auto=format&fit=crop&overlay-align=bottom%2Cleft&overlay-width=100p&overlay-base64=L2ltZy9zdGF0aWMvb3ZlcmxheXMvdGctbGl2ZS5wbmc&enable=upscale&s=86295725edd749fdcad26f2f5fe733de,2022-05-25T09:03:59Z,"I keep banging on about Raducanus temperament, but Sasnovich has played the break points superbly thereve been five so far and as I type that, Raducanu swipes a backhand down the line wideand now tra… [+9515 chars]"
77,"{'id': None, 'name': 'Daily Post Nigeria'}",Fadehan Oyeyemi,Okorocha to remain in EFCC custody till May 30 - Daily Post Nigeria,"Detained former Imo State Governor, Anayo Rochas Okorocha is to remain in the custody of the Economic and Financial Crimes Commission (EFCC) till Monday, May 30, when he will be arraigned in court over the N2.9 billion money laundering criminal charges brough…",https://dailypost.ng/2022/05/25/okorocha-to-remain-in-efcc-custody-till-may-30/,https://dailypost.ng/wp-content/uploads/2019/09/Rochas-Okorocha.jpg,2022-05-25T08:58:10Z,"Detained former Imo State Governor, Anayo Rochas Okorocha is to remain in the custody of the Economic and Financial Crimes Commission (EFCC) till Monday, May 30, when he will be arraigned in court ov… [+3621 chars]"
78,"{'id': None, 'name': 'NDTV News'}",Press Trust of India,"""Learnt Good Things"": Hardik Pandya On India Legend After Taking Gujarat Titans To IPL 2022 Final - NDTV Sports","Questions were raised when he was handed captaincy for a team making its debut, but Pandya has delivered, be it with the bat, ball or in his 'Captain Cool' demeanour, much like his mentor MS Dhoni.",https://sports.ndtv.com/ipl-2022/learnt-good-things-hardik-pandya-on-india-legend-after-taking-gujarat-titans-to-ipl-2022-final-3007708,"https://c.ndtvimg.com/2022-05/bdgnhkc8_hardik-pandya-bcci_625x300_20_May_22.jpg?im=FeatureCrop,algorithm=dnn,width=1200,height=675",2022-05-25T08:58:06Z,"In his short international career, Hardik Pandya has seen it all -- highs and lows, injuries, surgery, being embroiled in controversies -- but he says he faces them with a smiling face. Putting behin… [+4804 chars]"
79,"{'id': None, 'name': 'The Star Online'}",IMRAN HILMY,"Many Health Ministry purchases did not follow SOP during Covid-19 pandemic, admits Dr Adham - The Star Online",PETALING JAYA: Datuk Seri Dr Adham Baba says he will cooperate with the Malaysian Anti-Corruption Commission over claims of corruption involving the procurement of medical equipment and medicine during the Covid-19 pandemic.,https://www.thestar.com.my/news/nation/2022/05/25/many-health-ministry-purchases-did-not-follow-sop-during-covid-19-pandemic-admits-dr-adham,https://apicms.thestar.com.my/uploads/images/2022/05/25/1598098.jpg,2022-05-25T08:56:00Z,PETALING JAYA: Datuk Seri Dr Adham Baba says he will cooperate with the Malaysian Anti-Corruption Commission over claims of corruption involving the procurement of medical equipment and medicine duri… [+1624 chars]
80,"{'id': None, 'name': 'Global Times'}",,Monkeypox 'containable': WHO - Global Times,"The outbreak of monkeypox cases outside of Africa can be contained, the World Health Organization said on Tuesday, as more governments said they would launch limited vaccinations to combat rising infections of the virus.",https://www.globaltimes.cn/page/202205/1266520.shtml,https://www.globaltimes.cn/Portals/0/attachment/2021/2021-10-25/40fcb007-df80-4a75-a9cd-25c697674a4f.jpeg,2022-05-25T08:56:00Z,"General view during the opening day of the 61st World Health Organization assembly on May 19, 2008 in Geneva. Photo: AFP
The outbreak of monkeypox cases outside of Africa can be contained, the World… [+2598 chars]"
81,"{'id': None, 'name': 'The Guardian'}",Rory Carroll,‘It can’t be sidelined’: bill aims to give Irish official status in Northern Ireland - The Guardian,UK government to table legislation to safeguard language as revival gains momentum,https://amp.theguardian.com/uk-news/2022/may/25/bill-irish-official-status-northern-ireland-language-government,,2022-05-25T08:53:00Z,"Language learningUK government to table legislation to safeguard language as revival gains momentum
Gregory Campbell, a Democratic Unionist party MP in Northern Ireland, once expressed his scorn for… [+5240 chars]"
82,"{'id': None, 'name': 'Daily Mail'}",Kate Dennett,Austin Butler reveals he found it hard to get out of character after playing Elvis Presley - Daily Mail,"The actor, 30, said he 'lost touch' with his own personality after playing the 'King of Rock and Roll' in Baz Luhrmann's biopic Elvis.",https://www.dailymail.co.uk/tvshowbiz/article-10852599/Austin-Butler-reveals-hard-character-playing-Elvis-Presley.html,https://i.dailymail.co.uk/1s/2022/05/25/09/58258975-0-image-a-49_1653466466697.jpg,2022-05-25T08:52:19Z,"Austin Butler has revealed he found it difficult to separate himself from his character after playing Elvis Presley and spoke of being bedridden with a virus after filming.
The actor, 30, said he 'l… [+6101 chars]"
83,"{'id': None, 'name': '9News'}",Savannah Meacham,More than a dozen alleged Alameddine gang members front court - 9News,<p>Eighteen alleged Alameddine gang members have faced court today after arrests were laid yesterday in relation to a &quot;dial-a-dealer&quot; drug operation in Sydney&#x27;s south-west.</p>,https://www.9news.com.au/national/more-than-a-dozen-alleged-alameddine-gang-members-face-court-over-dial-a-dealer-drug-operation/4524a3b3-d990-4f7c-b2ce-c12cfdf05671,https://imageresizer.static9.net.au/bOX7SCEhdDqhmhjBH3RnpXqZ1sk=/1200x628/smart/https%3A%2F%2Fprod.static9.net.au%2Ffs%2Fe3c3adbd-8529-48ed-8331-251c7104e17f,2022-05-25T08:47:42Z,
84,"{'id': None, 'name': 'SciTechDaily'}",,Innovative Diffractive Solar Sail Funded by NASA Could Take Science to Exciting New Destinations - SciTechDaily,"As NASA's exploration continues to push boundaries, a new solar sail concept has been selected by the agency for development toward a demonstration mission that could carry science to new destinations. The Diffractive Solar Sailing project was selected for Ph…",https://scitechdaily.com/?p=173553,https://scitechdaily.com/images/Diffractive-Solar-Sails.jpg,2022-05-25T08:46:46Z,"ByNASAMay 25, 2022
Diffractive solar sails, depicted in this conceptual illustration, could enable missions to hard-to-reach places, like orbits over the Suns poles. Credit: MacKenzi Martin
As NASA… [+5274 chars]"
85,"{'id': None, 'name': 'Push Square'}",Stephen Tailby,Rumour: Looks Like PS1 Classic Dino Crisis Is Joining the PS Plus Premium Lineup - Push Square,A wild Regina appears,https://www.pushsquare.com/news/2022/05/rumour-looks-like-ps1-classic-dino-crisis-is-joining-the-ps-plus-premium-lineup,https://images.pushsquare.com/851e3ffc72c9b/1280x720.jpg,2022-05-25T08:45:00Z,"The brand new PS Plus tiers have now launched in some Asian countries, and it's on the cusp of a Western release too. Despite this, we still only have a partial grasp on what to expect from the catal… [+1844 chars]"
86,"{'id': None, 'name': 'The Conversation Africa'}",Oyewale Tomori,Monkeypox is endemic in Nigeria. But surveillance isn't what it should be - The Conversation Indonesia,Nigeria must step up its preparedness for monkeypox.,https://theconversation.com/monkeypox-is-endemic-in-nigeria-but-surveillance-isnt-what-it-should-be-183711,https://images.theconversation.com/files/465057/original/file-20220524-22-tuml3t.jpg?ixlib=rb-1.1.0&q=45&auto=format&w=1356&h=668&fit=crop,2022-05-25T08:44:01Z,There has been an outbreak of monkeypox cases in a number of countries that are not endemic for the virus. Monkeypox is caused by an orthopoxvirus that is closely related to the virus that caused sma… [+6550 chars]
87,"{'id': None, 'name': 'NDTV News'}",,"Putin, Xi Together; Ukraine May Be Beginning Of 3rd World War: Billionaire - NDTV",Billionaire investor George Soros has warned that Russia's invasion of Ukraine may be the beginning of the third world war and that the civilisation may not survive this war.,https://www.ndtv.com/world-news/putin-xi-together-ukraine-may-be-beginning-of-3rd-world-war-billionaire-investor-george-soros-3007630,https://i.ndtvimg.com/i/2017-05/vladimir-putin-and-xi-jinping-afp_650x400_81494869601.jpg,2022-05-25T08:38:11Z,"Billionaire investor George Soros said China's Xi Jinping and Russia's Vladimir Putin have an alliance
Davos: Billionaire investor George Soros has warned that Russia's invasion of Ukraine may be th… [+3634 chars]"
88,"{'id': None, 'name': 'Regeringen.se'}",,Direktiv om ett kombinerat tillstånd för arbete - Regeringen och Regeringskansliet,Faktapromemoria gällande proposal for a directive of the European Parlia­ment and of the Council on a single applica­tion pro­cedure for a single...,https://www.regeringen.se/faktapromemoria/2022/05/202122fpm90/,https://www.regeringen.se/Static/css/img/share-logo-sv.gif,2022-05-25T08:32:27Z,Kommissionens förslag om ett reviderat direktiv om ett enda ansöknings­­förfarande för ett kombi­nerat tillstånd för tredje­lands­medborgare att vistas och arbeta på en medlems­stats territorium och … [+1367 chars]
89,"{'id': None, 'name': 'BBC News'}",https://www.facebook.com/bbcnews,Monkeypox cases confirmed in East Yorkshire - public health - BBC,Health officials say people with unusual rashes should contact NHS 111 or sexual health services.,https://www.bbc.com/news/uk-england-humber-61577056,https://ichef.bbci.co.uk/news/1024/branded_news/29C1/production/_103598601_m0501256-monkeypox_virus_particle_tem-spl.jpg,2022-05-25T08:28:52Z,"Image source, Getty Images
Image caption, Symptoms of monkeypox include a rash, fever, headache, muscle aches, backache, swollen lymph nodes, chills and exhaustion
Cases of monkeypox have been dete… [+2751 chars]"
90,"{'id': None, 'name': 'TechCentral'}",Everything PC,Everything PC S01E03 – ‘The story of Intel – part 1’ - TechCentral,"In the third episode of Everything PC, we begin our adventure into the world of Intel, the company that in many respects started it all back in 1968.",https://techcentral.co.za/everything-pc-s01e03-the-story-of-intel-part-1/211496/,https://techcentral.co.za/wp-content/uploads/2022/05/everything-pc-1500-800-smaller.jpg,2022-05-25T08:28:10Z,"In the third episode of Everything PC, we begin our adventure into the world of Intel, the company that in many respects started it all back in 1968.
In this episode, the first of a two-parter, Ever… [+2060 chars]"
91,"{'id': 'cnn', 'name': 'CNN'}","Sandee LaMotte, CNN","What is monkeypox, its symptoms and threat to you? - CNN","Where did monkeypox come from, what are the signs and symptoms and how worried should you be? Here's what we know.",https://www.cnn.com/2022/05/24/health/what-is-monkeypox-virus-explainer-update-wellness/index.html,https://cdn.cnn.com/cnnnext/dam/assets/220520183005-02-monkeypox-handout-super-tease.jpg,2022-05-25T08:28:00Z,"(CNN)An extremely rare disease called monkeypox, a much less severe cousin of smallpox, is spreading around the world. More than 250 cases have been reported in at least 16 countries, according to th… [+8476 chars]"
92,"{'id': None, 'name': 'Thesaxon.org'}",Teilor Stone,NASA will send not only Americans to the moon: who else will join the mission - The Saxon,"Amid the Russian invasion of Ukraine, the United States is looking for new allies for space exploration. We are . We are from Ukraine From the first day of the war, Focus never stopped working. Our team considers it its duty to inform the reader about what is…",https://thesaxon.org/nasa-will-send-not-only-americans-to-the-moon-who-else-will-join-the-mission/2570/,,2022-05-25T08:27:18Z,First flight of the new NASA Space Launch System rocket as part of the Artemis-1 uncrewed mission;<ul><li></li><li>The second flight of the same rocket with the Orion spacecraft and the crew on board… [+3240 chars]
93,"{'id': None, 'name': 'AsiaOne'}",,"Nurul Aini has own toilet, 'getaway room' and walk-in closet in 3-storey terrace home - AsiaOne","Despite being a working mother of three, local actress Nurul Aini still manages to find time for herself. In fact, she's even accounted for it in her Scandinavian-minimalist three-storey freehold inter-terrace home. While giving viewers a peek inside her home…",https://www.asiaone.com/entertainment/nurul-aini-has-own-toilet-getaway-room-and-walk-closet-3-storey-terrace-home,https://media.asiaone.com/sites/default/files/styles/a1_600x316/public/original_images/May2022/250422_Nurul%20Aini%20Main.jpg?h=1d3ab40e&itok=7Fpbp-nD,2022-05-25T08:27:00Z,"Despite being a working mother of three, local actress Nurul Aini still manages to find time for herself. In fact, she's even accounted for it in her Scandinavian-minimalist three-storey freehold int… [+1676 chars]"
94,"{'id': None, 'name': 'uDiscover Music'}",https://www.facebook.com/tim.peacock.735,"New Reissue Series, ‘Africa Sessions At Real World’ To Commence In June - uDiscover Music","A new LP and CD reissue series, 'Africa Sessions At Real World' featuring artists such as Remmy Ongala and Farafina starts on June 24, 2022",https://www.udiscovermusic.com/news/africa-sessions-real-world-reissue-series/,https://www.udiscovermusic.com/wp-content/uploads/2022/05/Remmy-Ongala_cr_Stephen-Lovell-Davis_SQ.jpg,2022-05-25T08:26:14Z,"In celebration of Africa Day 2022, Real World Records is pleased to announce Africa Sessions at Real World, an LP &amp; CD reissue series focusing on recordings made at Real World Studios during the … [+3810 chars]"
95,"{'id': None, 'name': 'SPORTbible'}",Jack Kenmare,Referees Heard 'Celebrating' After Liverpool Lost To Real Madrid In Champions League Final - SPORTbible,Jurgen Klopp's number two Peter Krawietz opened up about the defeat in 2019.,https://www.sportbible.com/football/referees-heard-celebrating-after-liverpool-lost-to-real-madrid-20220525,https://images.ladbible.com/resize?type=jpeg&quality=70&width=1200&fit=contain&dpr=1&url=https://eu-images.contentstack.com/v3/assets/blta90d05ad41a54a71/blt644b2dd4f5a2e224/628de1e4ca7a4d0f3f2bf648/picture_-_2022-05-25T085913.954.png,2022-05-25T08:26:06Z,"The referees that officiated the Champions League final between Liverpool and Real Madrid could be heard ""singing and partying with a case of beer"" after the final whistle, according to Jurgen Klopp'… [+2788 chars]"
96,"{'id': None, 'name': 'Moneycontrol'}",Gulam Jeelani,Modi Govt @ 8 : How the BJP’s dominance changed the political landscape of India - Moneycontrol,"Today, the BJP and its NDA allies govern 17 states, covering an estimated 44 per cent of the country's territory and 49.6 percent of its population",https://www.moneycontrol.com/news/politics/modi-govt-8-how-the-bjps-dominance-changed-the-political-landscape-of-india-8573811.html,https://images.moneycontrol.com/static-mcnews/2019/05/Modi-10-770x433.jpg,2022-05-25T08:24:15Z,"In the 2014 general elections, the Bharatiya Janata Party (BJP) secured a comfortable majority, winning 282 of the 542 seats in the Lok Sabha by itself and 336 seats together with its allies in the N… [+7060 chars]"
97,"{'id': None, 'name': 'Cancer Research UK'}",Joanna Lewin,The path to least resistance: How our researchers are outsmarting cancer’s survival skills - Cancer Research UK News,Our scientists across the country are working hard to tackle drug resistance – one of cancer's cruellest curveballs.,https://news.cancerresearchuk.org/2022/05/25/the-path-to-least-resistance-how-our-researchers-are-outsmarting-cancers-survival-skills/,https://news.cancerresearchuk.org/wp-content/uploads/2022/05/Untitled-620-x-348-px.jpg,2022-05-25T08:17:22Z,"Breast cancer cells Credit: NCI
Drug resistance is one of biomedicine’s biggest threats, standing in the way of cures for all manner of viruses, infections and diseases, including cancer. But our sc… [+8934 chars]"
98,"{'id': 'news24', 'name': 'News24'}",Khulekani Magubane,'Full-blown' national strike begins at SARS - News24,A national strike at the South African Revenue Service by unions demanding higher wages started on Wednesday morning.,https://www.news24.com/fin24/economy/full-blown-national-strike-begins-at-sars-20220525,https://cdn.24.co.za/files/Cms/General/d/121/cb61418dc0e641aaa0bd98640ce9ede5.jpg,2022-05-25T08:16:46Z,<ul><li>A strike at the SA Revenue Service (SARS) for higher wages started on Wednesday. </li><li>The Public Servants' Association said evening meetings to discuss a SARS offer yielded no progress. <… [+1874 chars]
99,"{'id': None, 'name': 'New Zealand Herald'}",Tom Dillane,Auckland gang shootings: Stray bullet hits neighbour's bedroom after gang drive-by shooting - New Zealand Herald,"'Just caught in the crossfire. It literally hit my house,' the Flat Bush resident said.",https://www.nzherald.co.nz/nz/auckland-gang-shootings-stray-bullet-hits-neighbours-bedroom-after-gang-drive-by-shooting/GROT5XNILKCXB4PNZIZHWKPQGA/,https://www.nzherald.co.nz/resizer/jWyv72zlYnQxymBZbJ4hx5Oq-7s=/1200x675/filters:quality(70)/cloudfront-ap-southeast-2.images.arcpublishing.com/nzme/6WJQNLVH5AGFXA33VIVRGDWKAA.jpg,2022-05-25T08:09:05Z,"Gang feud shootings: Police called to seven Auckland suburbs. Video / Hayden WoodwardThe victim of a gang-related drive-by shooting could be heard screaming ""f***, my kids are here"" as his Flat Bush … [+4615 chars]"
